,0,1,2,3,4,5,6,7,8,9,10,11,12,13,14,15,16,17,18,19,20,21,22,23,24,25,26,27,28,29,30,31,32,33,34,35,36,37,38
0,GEO_ID,NAME,S0201_213E,S0201_214E,S0201_215E,S0201_216E,S0201_217E,S0201_218E,S0201_219E,S0201_220E,S0201_221E,S0201_222E,S0201_223E,S0201_224E,S0201_225E,S0201_226E,S0201_227E,S0201_228E,S0201_229E,S0201_230E,S0201_231E,S0201_232E,S0201_233E,S0201_234E,S0201_235E,S0201_236E,S0201_237E,S0201_238E,S0201_239E,S0201_240E,S0201_241E,S0201_294E,S0201_295E,S0201_296E,S0201_301E,S0201_302E,S0201_303E,state,county
1,0500000US41067,"Washington County, Oregon",225955,83068,84.3,103767,24.4,21390,2.1,9686,2.2,2914,15.2,26204,7.8,149665,100490,80.4,109802,6.1,87447,13.5,49493,597695,40152,137939,92375,81237,65519,62649,50504,101266,73.2,26.8,82995,53.8,46.2,41,067
2,0500000US41051,"Multnomah County, Oregon",330223,71186,80.3,98369,24.7,19123,4.4,9731,4.6,2683,14.6,30098,13.3,175694,91088,75.9,107946,7.4,57179,16.7,45027,811880,40365,175402,137600,76425,64682,55810,51655,125775,70.1,29.9,145618,50.9,49.1,41,051
3,0500000US27053,"Hennepin County, Minnesota",508964,76052,82.7,111927,23.8,20508,4.1,10826,3.8,2690,14.5,27482,7.3,292301,104086,77.6,124752,6.9,66030,15.5,43006,1259428,45487,280532,217504,92768,69574,62253,54438,219672,77.3,22.7,184533,53.7,46.3,27,053
4,0500000US27123,"Ramsey County, Minnesota",209287,62919,79.1,90274,29.6,20149,5,10555,4.5,2629,18.6,29736,11.3,118943,87154,71.5,103814,7.2,55191,21.4,43250,550210,35257,104808,89471,70749,62547,51266,46927,81073,77.9,22.1,81118,51,49,27,123
5,0500000US42017,"Bucks County, Pennsylvania",239962,88569,80.4,119430,34.5,22681,3.3,9649,1.7,2950,19.6,32087,6.1,171229,106262,80.1,120523,5.8,75242,14.1,60205,628195,45655,140846,103693,93362,65962,66949,51887,121443,71.7,28.3,54678,50.8,49.2,42,017
6,0500000US42091,"Montgomery County, Pennsylvania",313336,90122,82.3,126791,31.4,21994,3.2,10889,1.4,2891,18.9,28801,5.5,217738,111322,81.2,125682,5.5,76041,13.3,58696,828604,47780,175440,137005,104517,73513,70610,57335,149259,74.6,25.4,87998,55.7,44.3,42,091
7,0500000US42071,"Lancaster County, Pennsylvania",202490,66277,79.4,82765,34.3,21278,4.7,10126,2.2,2557,20.4,25843,8.6,140049,79376,81.6,88877,5.1,57751,13.3,39891,543557,32676,117265,72606,68277,50900,52239,40975,86093,75.3,24.7,62321,52.1,47.9,42,071
8,0500000US44007,"Providence County, Rhode Island",237038,56461,73.1,81497,31.6,17182,9.6,10417,7.1,3029,15.9,24173,20.7,138683,74420,64,92406,9.4,52249,26.7,37318,636084,29772,119296,91120,64099,53349,51452,42242,89497,66.1,33.9,101160,50.3,49.7,44,007
9,0500000US45045,"Greenville County, South Carolina",192556,61183,78.9,82355,31.8,21111,3.7,9367,0.9,2940,17.3,22960,7.6,124883,76300,76.4,87767,5.9,49010,17.6,35456,514213,31992,104387,77759,68092,52254,50640,40318,83211,77.7,22.3,57818,57.2,42.8,45,045
10,0500000US01073,"Jefferson County, Alabama",255940,55206,74.9,82214,34.3,19360,8.6,10649,1.3,2136,20,25074,13.2,159115,72335,67.6,93555,7.4,53167,24.9,35369,659300,31683,118113,104450,76321,51177,51930,41325,98754,75.8,24.2,85483,51.2,48.8,01,073
11,0500000US04019,"Pima County, Arizona",402323,53464,71.9,70701,37.2,20435,4.8,10893,1.6,2738,24.5,30908,12.5,246052,65641,70.9,80367,9.1,45650,20,34673,1039073,29410,179195,132622,61326,48834,44608,36816,149821,74.1,25.9,140858,52,48,04,019
12,0500000US04013,"Maricopa County, Arizona",1582464,65252,79.7,88858,30.1,20871,4,10178,1.6,2383,18,27528,8.6,1043279,76923,72.3,90956,9.1,56437,18.6,42082,4410824,33298,902878,661998,69681,55104,49770,41878,677003,73.9,26.1,562642,53.1,46.9,04,013
13,0500000US47157,"Shelby County, Tennessee",352648,47500,77.5,74092,28.6,17800,6.2,9527,1.1,2285,16.1,25519,16.3,214219,61915,60.9,87725,7.8,45319,31.3,32556,935764,28145,170124,151551,63927,49431,44118,39549,128179,72.1,27.9,145351,40.9,59.1,47,157
14,0500000US47037,"Davidson County, Tennessee",283445,60856,85.1,85742,23.9,19237,3.6,9476,1.3,2673,13.8,23945,9.9,159825,72743,68.1,92344,7.6,49020,24.3,35189,692587,36891,160198,133893,69219,53163,46729,40924,103508,73.2,26.8,124435,50.1,49.9,47,037
15,0500000US06013,"Contra Costa County, California",396133,101618,81.1,138596,29.4,21217,4.7,10717,2.2,4005,19.6,38728,5.9,285418,113973,75.8,136101,7.2,74476,17.1,51800,1150215,48968,222435,166995,112644,79598,80252,61969,194134,65.6,34.4,126503,46.2,53.8,06,013
16,0500000US06099,"Stanislaus County, California",175171,60321,78.9,80702,30.7,18331,7.7,11274,4.1,5352,16.8,24208,13.7,128261,65936,68.9,81027,9.7,44994,21.4,35728,549815,26191,96709,60779,64992,55755,51102,41513,68117,65.9,34.1,67309,47.6,52.4,06,099
17,0500000US06097,"Sonoma County, California",187434,81395,77.2,102923,36,20194,5.1,10264,1.8,5351,23.3,34134,4.6,118022,98849,76,114073,8.7,70819,15.3,55392,499942,41985,93175,68114,82875,61791,60551,51319,75708,63.1,36.9,69189,46.1,53.9,06,097
18,0500000US06001,"Alameda County, California",575410,102125,83.9,137745,23.8,18831,5.2,10611,4.3,4019,16.1,33781,6.4,381320,123476,76.6,145237,7.5,83270,15.9,62486,1666753,48595,372121,269537,101474,80895,76884,64506,224302,67.4,32.6,255026,51.1,48.9,06,001
19,0500000US06067,"Sacramento County, California",543560,69767,78.7,90253,28.2,18273,7.5,10304,3.8,5008,20.2,36985,10.6,359266,81058,70.1,97342,8.4,60481,21.6,48855,1540975,32748,287255,224810,72696,58241,53741,49688,223298,67.5,32.5,220747,45.5,54.5,06,067
20,0500000US06075,"San Francisco County, California",362827,112376,81,175009,23.6,18545,6.5,9620,2.5,4354,12.2,37843,4.6,178643,131253,77,164073,8.2,74741,14.8,80701,883305,71606,217291,172957,133256,101373,100057,80879,86550,64.4,35.6,218828,64.8,35.2,06,075
21,0500000US06073,"San Diego County, California",1130911,79079,81.9,103702,26.8,19255,5,10096,2.4,4149,18.3,33980,7.3,761247,90981,73.8,108144,8.3,61837,17.9,46928,3343364,37841,701025,472056,77850,63540,55646,48698,424451,60.8,39.2,510213,42.2,57.8,06,073
22,0500000US06037,"Los Angeles County, California",3313908,68093,82.8,99981,25.2,17850,6.9,9890,3.2,4489,11.6,33920,8.3,2193349,76551,67.3,94086,10.4,58083,22.3,47213,10105518,34115,2034849,1442542,73607,60339,48531,44280,1053837,56.1,43.9,1726524,42.9,57.1,06,037
23,0500000US06065,"Riverside County, California",728103,66964,77.6,89642,32.2,19202,5.6,10090,3.1,4446,17.4,32454,8.2,524194,76938,74.4,88794,8.3,61491,17.3,43122,2450758,28961,454370,291002,65932,55066,50573,40944,342672,59.3,40.7,219257,39,61,06,065
24,0500000US06071,"San Bernardino County, California",638647,63857,80.5,84236,27.2,17509,7.1,10183,3.9,4750,15.8,31186,12.7,486914,70981,69.3,83576,9.6,51941,21.1,42561,2171603,25486,414978,263075,60387,50594,47194,40890,274558,62.9,37.1,242111,42.4,57.6,06,071
25,0500000US06085,"Santa Clara County, California",645108,126606,85.3,173876,23.1,21274,5.2,10273,1.5,5004,13.6,36439,4.1,461799,144690,79.8,165859,6.6,81765,13.6,71752,1937570,58588,450349,294556,129808,92611,95797,67330,249076,66.8,33.2,275644,53.8,46.2,06,085
26,0500000US06019,"Fresno County, California",309519,52629,78.9,73144,26.7,17373,8.2,9471,7.2,3914,16.4,28569,17.9,220824,60114,65,76579,10,45204,25.1,33801,994400,23834,157228,110165,57484,51904,45075,39692,109903,68.4,31.6,140332,44.5,55.5,06,019
27,0500000US06029,"Kern County, California",273167,51579,78.5,72913,27.5,16735,7.6,11059,5.8,5570,14.5,32802,17.3,201894,57105,67.4,72016,10.6,45070,22,29474,896764,22778,141837,82029,61120,48636,44140,36237,107376,65.4,34.6,107377,44,56,06,029
28,0500000US06059,"Orange County, California",1040394,89759,82,121791,27.1,20360,4.4,9885,2,4095,15.9,37804,5.9,735186,102047,76.2,119505,7.2,76655,16.5,56091,3185968,41722,664033,459422,92438,65620,62191,51018,415546,60.4,39.6,421773,44.1,55.9,06,059
29,0500000US06111,"Ventura County, California",271980,84566,80.5,108404,32.9,20328,4,9083,1.9,3798,19.5,35601,7.5,194306,94483,76.7,109002,7.6,68416,15.7,49552,850967,36791,167916,119467,79399,61077,56396,47542,119532,60.7,39.3,96198,41,59,06,111
30,0500000US06081,"San Mateo County, California",259654,124425,83.7,175406,28.2,21392,2.8,9641,1.3,5304,16.1,39407,3.2,182198,144622,80.1,163581,6.1,85236,13.8,78665,769545,62017,172779,129283,124499,98245,85068,71720,110313,63.1,36.9,98192,52,48,06,081
31,0500000US06077,"San Joaquin County, California",231917,64119,80,84845,28.6,17943,8.6,9982,4.3,4492,17.4,30801,15.4,174492,70745,67.8,87974,10,62768,22.1,37200,752660,27217,144224,89901,63897,50644,47841,41046,88179,65,35,100201,45.9,54.1,06,077
32,0500000US08031,"Denver County, Colorado",310324,68377,84.4,101501,19.6,18336,3.6,9240,2.2,2651,11.2,29786,8,145101,90020,74.5,110654,7.3,61258,18.3,43509,716492,44556,175333,135149,83743,64308,56503,51551,111213,72.7,27.3,152232,52.8,47.2,08,031
33,0500000US08059,"Jefferson County, Colorado",233272,85890,81.2,105816,28,20633,2.9,9784,1.4,3749,19.4,33675,4.3,148258,107501,78.5,118551,8,81624,13.5,58328,580233,43551,136311,102681,80980,63362,61948,51088,116923,76.3,23.7,68330,49.4,50.6,08,059
34,0500000US48029,"Bexar County, Texas",644193,54149,79.7,74752,25.8,17037,6.3,8707,1.9,2845,16.7,28992,13.8,411518,66925,68.8,79781,8.1,51661,23.1,37673,1986049,26470,379018,298105,58640,46992,42440,37626,223431,71,29,244919,49,51,48,029
35,0500000US48121,"Denton County, Texas",297899,88117,88.5,112674,19.7,22415,2,9802,0.7,2987,14.1,26646,4.5,212406,106492,81.8,120168,5.3,76676,12.9,62121,859064,40968,198688,149452,88370,62710,65244,50745,143616,75.8,24.2,98181,54.4,45.6,48,121
36,0500000US48141,"El Paso County, Texas",270160,43958,79.5,62602,28.4,14222,6.1,8070,2.2,2349,14.4,27334,21.2,190227,49356,65.2,59180,8.5,49199,26.3,28984,840758,21687,161051,107574,51437,40599,38085,31630,89763,63,37,97142,50.3,49.7,48,141
37,0500000US48215,"Hidalgo County, Texas",237323,39165,78.9,58798,28.1,13407,9.2,8008,1.7,2074,11.4,24904,29,190170,43286,65.1,53155,5.9,39302,29,25129,865939,16819,132757,94665,47420,36962,36053,30147,66585,64.2,35.8,65316,46.3,53.7,48,215
38,0500000US48453,"Travis County, Texas",486548,76392,88,108354,17.7,19540,2.9,9699,1,3257,11.9,33812,7.6,281467,98859,75.1,118200,7.8,63641,17.1,47775,1248743,44782,309564,224892,89178,64154,60245,50776,167770,72.8,27.2,224776,51.4,48.6,48,453
39,0500000US48085,"Collin County, Texas",344824,96051,88.6,123173,18.3,21746,2.9,9960,1,2704,11,32378,2.8,253044,112877,83.3,125638,4.8,81294,11.9,57734,1005146,43910,237561,168397,100031,65486,76698,52271,157822,74.3,25.7,115409,55.4,44.6,48,085
40,0500000US08001,"Adams County, Colorado",168361,70743,86.3,87226,23.1,19031,2.5,10783,1.3,2720,14.4,25504,7.3,118115,78329,72.2,92623,9.6,62441,18.2,46770,511868,31072,119532,83249,63177,48819,49631,40852,80716,69.4,30.6,56830,43.7,56.3,08,001
41,0500000US08041,"El Paso County, Colorado",260851,68119,81.9,84267,26.1,18992,3.6,9545,1.8,3061,22.9,29801,8.4,176041,78805,77.7,90332,7.3,55832,14.9,38231,713856,33536,156757,101162,67706,52238,51689,40187,122729,71.6,28.4,84916,46.6,53.4,08,041
42,0500000US08005,"Arapahoe County, Colorado",242141,76768,85.4,100541,24.3,20064,3.2,9443,1.6,2496,15.4,31265,6.4,158118,94416,76.2,106901,7.2,76299,16.7,46098,651215,39919,147491,109299,78248,62822,56112,47813,114011,71.8,28.2,87352,42.3,57.7,08,005
43,0500000US10003,"New Castle County, Delaware",206351,69479,79.5,92848,29.7,21441,4.4,11103,1.5,1975,22.3,27796,8.5,131524,86149,72.8,101217,8.2,62728,19,50606,559335,35859,107479,92897,75263,62442,58084,47868,94872,70,30,62472,49.4,50.6,10,003
44,0500000US11001,"District of Columbia, District of Columbia",287476,85203,79.9,134236,19.3,15505,4.9,8632,3.8,2818,14.4,43330,14,121529,117713,60.1,189213,8.4,61589,31.6,44478,702455,55328,149921,152436,110718,88580,81267,70911,90736,74,26,156172,53.5,46.5,11,001
45,0500000US09009,"New Haven County, Connecticut",335539,67845,77.2,98193,33,20637,5.8,10498,3.5,4782,18.9,28150,14.3,207727,87632,68.6,109594,7.7,72987,23.6,42458,857620,38305,161220,131452,83166,63688,62166,51845,133833,67.9,32.1,123371,46.5,53.5,09,009
46,0500000US09003,"Hartford County, Connecticut",348049,73151,77.5,106894,31.3,20218,4.9,10341,4,3780,19.4,30669,13.5,223589,93319,69.9,115951,8,63625,22.1,41270,892697,40806,179666,139142,89100,67447,65458,55454,152234,72.4,27.6,114954,49,51,09,003
47,0500000US09001,"Fairfield County, Connecticut",345634,91079,82,152137,29.4,21724,3.7,9652,1.5,3766,16.4,34552,8.3,237407,115811,76.8,144494,6.3,75372,16.9,51294,943823,56135,193429,136380,135903,82407,74665,60874,155751,64.5,35.5,112953,44.7,55.3,09,001
48,0500000US12031,"Duval County, Florida",367238,55832,80,79031,28.4,18227,5.9,9514,3.1,2108,17.8,30264,17.4,229923,64923,63.7,84457,9.2,44094,27,37393,950181,31993,198272,156658,65119,48457,46422,39629,133895,71.2,28.8,156870,49.7,50.3,12,031
49,0500000US12009,"Brevard County, Florida",226363,57888,66.9,76067,45.3,20309,4.9,10469,1.9,1954,26.6,30758,10.7,140955,74529,77.1,86182,6.5,50981,16.4,39777,596849,31082,103912,76046,64923,48920,50731,39949,96278,71.2,28.8,51930,42.5,57.5,12,009
50,0500000US12103,"Pinellas County, Florida",405892,52198,68.4,77980,42.2,19099,4,10834,2,2442,22.9,26270,10,221744,71151,72.1,84345,6.9,48568,21,41805,975280,34163,171918,160122,66428,51950,47572,40858,139446,68.7,31.3,126688,46.4,53.6,12,103
51,0500000US12105,"Polk County, Florida",241171,51670,69.3,68921,41.2,20108,6.9,10189,3.1,3558,21.2,26208,14.8,166438,59360,70.6,69393,8.7,45388,20.7,36133,708009,24985,127688,102406,52676,41232,41124,33093,85134,71.3,28.7,67486,53.8,46.2,12,105
52,0500000US12099,"Palm Beach County, Florida",552286,61691,69,96181,41.7,21363,4,10310,2,2315,18.8,31533,10.1,337212,76753,74.7,91786,7.2,51044,18.2,44116,1485941,38805,272966,206801,78345,54972,49620,41367,204460,62.3,37.7,154667,39.3,60.7,12,099
53,0500000US12086,"Miami-Dade County, Florida",895801,52205,81.1,81870,30,15518,6.7,8182,2.8,2034,8.5,25170,25,622526,58389,63.4,73331,9.8,46429,26.8,36351,2761581,28208,588596,463840,60348,45574,38978,34618,272342,55.9,44.1,413924,35.7,64.3,12,086
54,0500000US48491,"Williamson County, Texas",185345,87454,85.4,101831,24,21406,3.3,9486,1.2,3507,18.2,30198,4.6,135729,99470,79.8,111263,5.7,64707,14.5,52869,566719,36274,126948,93039,77420,57210,65136,49162,93179,73.4,26.6,55099,52,48,48,491
55,0500000US48201,"Harris County, Texas",1600357,60232,86,88716,21.2,18689,4.2,8861,1.6,2807,10.3,25875,14.2,1102826,68340,67.6,89053,8.8,48726,23.6,35081,4698619,31293,1011169,696715,71830,53984,48176,41283,514381,72.3,27.7,693526,50.1,49.9,48,201
56,0500000US48113,"Dallas County, Texas",937438,59839,86.2,88489,20.7,18593,3.6,8831,1.3,3136,10.2,25430,9.9,601367,67315,67.7,86424,8.9,51136,23.5,37836,2637772,32467,591506,424390,70625,52990,46413,40700,275455,70.7,29.3,455729,52.8,47.2,48,113
57,0500000US48339,"Montgomery County, Texas",202797,76929,83.1,115305,25.9,20266,4.6,9147,0.9,1656,15.2,32303,7.6,147327,93848,80.2,109986,5.7,60896,14.1,43482,590925,39597,134200,82237,94760,59697,61502,46836,90027,73,27,53193,58.3,41.7,48,339
58,0500000US48157,"Fort Bend County, Texas",245410,91931,88.6,120345,22.4,20070,2.7,9473,1.5,4334,14.1,27639,7.2,199146,103717,81.2,117186,4.9,87745,14,49690,787858,38710,161219,121752,97701,62218,69537,51884,127159,69.7,30.3,49608,49.6,50.4,48,157
59,0500000US48439,"Tarrant County, Texas",722473,66063,84.7,92063,22.8,19189,4.2,9426,2,2830,14.6,27879,10.4,502918,77093,71.1,95267,8,54796,20.9,43076,2084931,32939,449137,332254,73332,52035,51351,41576,273021,74.4,25.6,281893,51.2,48.8,48,439
60,0500000US12071,"Lee County, Florida",281222,56129,63.9,76614,48.7,21674,3.9,10590,1.7,2350,25.1,33209,7.8,180020,68820,79.1,77429,6.6,50159,14.3,38104,754610,33010,129682,98621,60490,47937,41672,38273,104256,65.7,34.3,71442,44.6,55.4,12,071
61,0500000US12095,"Orange County, Florida",458157,58588,83.1,83951,25.2,18022,4.5,8818,2.3,2853,12.7,25173,15.9,298508,67012,70.1,83544,8.8,55769,21.1,36187,1380645,29830,273803,220122,67158,47969,43222,37255,171849,70,30,196248,42.9,57.1,12,095
62,0500000US12101,"Pasco County, Florida",205128,54208,67.1,75812,42.9,20285,6.4,11727,2.5,2583,23.3,25491,13.4,131802,67776,76.1,75424,5.9,60867,17.9,39647,539630,28478,89815,73638,63375,48804,47860,40449,82714,72.2,27.8,50701,48.9,51.1,12,101
63,0500000US12127,"Volusia County, Florida",218423,50361,67.3,69095,42.6,19989,5.2,10683,2.2,2301,24.8,27353,13.2,131946,62520,74.9,71020,8.5,45830,16.6,41832,547538,29095,93438,77007,60934,44291,43346,35448,85110,68.2,31.8,57032,43.2,56.8,12,127
64,0500000US12011,"Broward County, Florida",694980,57278,78.8,86969,30.8,17954,4.3,9387,1.7,2347,13.6,26412,13.9,439980,70232,68,84325,8.7,60233,23.3,44755,1951260,32368,389632,309852,69016,53648,45949,41422,255890,58.4,41.6,248705,38.7,61.3,12,011
65,0500000US12057,"Hillsborough County, Florida",540142,58480,79.8,85585,29.1,18660,5,9877,1.9,2273,16.3,26241,12.9,342998,72646,70.3,91503,8.4,52163,21.3,38925,1436888,32445,293056,228527,71699,51263,50181,40610,202672,72.4,27.6,213962,47,53,12,057
66,0500000US13135,"Gwinnett County, Georgia",297658,72184,86.9,92118,21.4,19661,3,10081,0.7,1606,12.3,25842,7,223536,81018,74.7,94484,6.4,60308,18.9,41587,927781,30556,194941,158151,70331,51769,50983,40919,142544,73.9,26.1,98622,48.1,51.9,13,135
67,0500000US49049,"Utah County, Utah",171117,75349,89.7,90646,19.9,21055,2.7,10725,1.5,3726,14.3,27517,5.6,140373,79900,85.6,86721,4.9,50403,9.5,47123,622213,26694,117342,52681,77487,46108,60190,37052,88370,75.6,24.4,50435,53.1,46.9,49,049
68,0500000US13089,"DeKalb County, Georgia",287001,64461,82.4,95618,24.5,18711,3.9,8794,0.9,3021,16.6,26904,12,165666,80332,63.3,108206,8.1,51534,28.7,45988,756558,36987,153690,140107,77902,61004,51701,46141,116338,74,26,121948,48.5,51.5,13,089
69,0500000US42045,"Delaware County, Pennsylvania",207499,72045,78,108678,33.5,19957,5.7,10621,2.3,1389,20,27466,12,139055,93696,71.8,119493,7.6,65048,20.6,46283,564751,39085,110852,90867,88553,63398,61009,50116,90882,72.1,27.9,66714,51.4,48.6,42,045
70,0500000US42101,"Philadelphia County, Pennsylvania",608233,46116,73.8,76623,29.7,16191,10.8,9810,5.6,2289,15.1,20741,26.6,325909,55109,51.4,81962,10.3,44283,38.3,33789,1584138,28379,255263,252577,66914,54579,49965,42879,189393,67.8,32.2,264075,46.1,53.9,42,101
71,0500000US42003,"Allegheny County, Pennsylvania",543369,59899,75.6,90182,33.6,19435,5.2,9150,3.4,2284,19.9,23035,12.3,303257,86665,74.8,102289,7.1,62255,18.1,38543,1218452,38472,252244,201464,81071,57311,59338,46409,212569,80.2,19.8,177541,54,46,42,003
72,0500000US42029,"Chester County, Pennsylvania",192746,99119,82.9,130914,29.9,23111,2.7,11046,1.6,1988,19.3,29123,4.3,138582,117435,83,132115,4.6,79472,12.4,57542,522046,49368,118808,79232,106871,73762,75722,57810,98806,76.2,23.8,46087,55.6,44.4,42,029
73,0500000US49035,"Salt Lake County, Utah",381831,73801,85.1,97140,23.3,20765,3.1,11373,1.4,3454,15.1,27360,6.5,265179,88889,78.5,100351,7.2,61017,14.4,48620,1152633,33658,257881,169458,75072,50314,51867,41489,182618,76,24,120963,55.4,44.6,49,035
74,0500000US13067,"Cobb County, Georgia",283094,78894,86.7,104656,22.8,22213,3.2,10302,0.4,1815,14.6,30395,5.7,191753,96448,74.9,115094,5.6,55477,19.4,54567,756865,40202,171800,133017,85645,61980,61080,51789,131509,78.6,21.4,96768,53.3,46.7,13,067
75,0500000US13121,"Fulton County, Georgia",417157,70930,83,116796,21.6,18746,4.5,9610,0.9,2021,13.7,32272,10.4,230448,89964,67.9,133028,7.7,52685,24.4,44116,1050114,47866,230300,183135,107992,65407,66796,52196,164201,74.7,25.3,186572,51.8,48.2,13,121
76,0500000US15003,"Honolulu County, Hawaii",308208,84423,82.8,99717,34.5,20323,4.4,10851,2.3,4554,24.2,35601,8.3,215379,101386,75,110911,6.9,86719,18.1,63340,980080,35958,218563,162826,66892,53681,52108,43855,113081,61.9,38.1,127533,45,55,15,003
77,0500000US17043,"DuPage County, Illinois",345714,93750,83.6,124936,26.9,21786,2.7,11103,1.1,2401,16.9,33680,5.9,244235,114695,82.2,125401,5.3,78375,12.5,61934,928589,46703,210501,141895,103047,69081,74999,53556,166885,73.5,26.5,89734,56.5,43.5,17,043
78,0500000US17031,"Cook County, Illinois",1981796,63353,79.5,99706,26.7,18451,5.5,9786,2.4,2649,14.3,30800,13.9,1181463,77744,67.6,101196,8.3,55114,24.1,40830,5180493,37538,1044544,834711,82808,63713,56384,49969,717124,65.9,34.1,798350,51.6,48.4,17,031
79,0500000US29189,"St. Louis County, Missouri",408117,66778,77.7,99701,32.7,20531,4.7,10265,1.1,2255,21.1,25118,8.4,261684,86824,72.8,108800,6.5,58062,20.7,41794,996945,40843,192786,167576,91736,59040,61784,46187,178891,77.9,22.1,126536,54.4,45.6,29,189
80,0500000US29095,"Jackson County, Missouri",288752,55929,79.1,75913,29.5,19284,4.6,9612,2.7,2359,18.5,23882,10.6,170337,71506,67.4,86974,7.2,56518,25.4,35688,700307,31037,140430,119554,64238,51522,50274,40642,107471,78.4,21.6,112468,53.2,46.8,29,095
81,0500000US51059,"Fairfax County, Virginia",396628,122227,87,150786,22.8,21386,2.7,9481,0.9,4022,19.3,52310,3.8,284876,142961,81.2,162269,5.9,89841,12.9,66839,1150795,55767,269642,192829,116492,84843,90596,67347,205529,73.9,26.1,119919,53.9,46.1,51,059
82,0500000US53063,"Spokane County, Washington",206191,59783,75.7,78590,33.9,19512,6.6,9990,3.9,2265,19.8,24328,16.2,129299,73709,75.4,84823,7.4,52569,17.1,33400,514631,31360,94460,67865,70156,50740,51300,41533,86436,72.1,27.9,72622,49.7,50.3,53,063
83,0500000US53033,"King County, Washington",897476,95009,84.4,131212,22.4,21072,3.6,10058,2.3,2924,14.5,29040,7.9,536144,117340,79.3,135383,6.8,73305,13.9,52445,2233163,52804,515759,363535,110606,77417,80353,61336,357709,70.6,29.4,382083,54.7,45.3,53,033
84,0500000US17089,"Kane County, Illinois",183633,79818,81.9,106564,27.8,21182,2.8,10858,1.2,3105,16.9,30918,9.3,136596,91813,75.6,109133,7.4,54611,16.9,43973,534216,36777,116599,78044,79007,61138,57047,45006,96455,72.2,27.8,42443,50.4,49.6,17,089
85,0500000US17197,"Will County, Illinois",231647,85818,83.6,106728,27.5,21190,3.6,11007,1.9,2311,18.4,34647,9.6,175294,100865,78.7,116083,6.4,63025,14.9,49510,692310,36541,147453,103837,83551,57326,66432,50035,131471,74.6,25.4,42584,49.5,50.5,17,197
86,0500000US17097,"Lake County, Illinois",246620,87133,82.1,125905,27.8,21087,3.3,10871,1.2,2525,16.7,31090,8.2,178902,103975,80.1,118324,5.8,66375,14.1,50499,700832,45088,153302,105895,101100,68822,65408,51113,120555,71.1,28.9,61356,54.5,45.5,17,097
87,0500000US53053,"Pierce County, Washington",328519,75407,79.8,93251,27.5,20024,4.3,11381,2.9,2747,20.9,33113,11.4,223206,87122,77.9,100606,6.6,65591,15.5,44537,891299,35797,187509,132935,70786,57040,60131,46279,148562,71,29,115737,48.4,51.6,53,053
88,0500000US53061,"Snohomish County, Washington",300215,87440,82,107734,26.8,20871,4.3,10536,2.7,2605,18.6,25361,8.1,211582,100787,76.8,112856,7.9,77298,15.3,56156,814901,39500,186487,125640,83401,60351,66849,50105,149475,70.5,29.5,93268,49.4,50.6,53,061
89,0500000US55079,"Milwaukee County, Wisconsin",384281,49636,77.2,71232,28.5,17743,7.6,10620,2,2787,15.2,22961,18.6,218292,62728,60.7,85885,10.7,43767,28.6,33970,948201,28641,172940,151695,62713,48354,49884,41150,123929,74.6,25.4,185698,50,50,55,079
90,0500000US31055,"Douglas County, Nebraska",220858,64390,81.6,91715,26.6,19602,4.5,9545,1.7,2845,14.8,26286,9.9,134887,82869,73.8,99531,8.2,52486,18,39122,566880,35490,117994,95057,76185,56553,53236,44427,94271,78.8,21.2,80385,54.8,45.2,31,055
91,0500000US55025,"Dane County, Wisconsin",226350,71582,83.5,94115,23.4,22230,3.4,10171,1.4,2361,17.8,30636,5.3,127612,98589,82,108504,4.8,65260,13.2,46987,542364,40425,125402,97365,77887,58378,56363,48759,92093,77.2,22.8,92377,54.5,45.5,55,025
92,0500000US18097,"Marion County, Indiana",373634,47780,79.7,69274,24.8,18761,6.6,10422,1.7,1917,14.6,20847,11.4,206317,61579,62.9,80718,8.8,43719,28.3,33826,954670,27950,181138,159850,60199,48122,46407,40062,135124,77.7,22.3,163231,48.5,51.5,18,097
93,0500000US32003,"Clark County, Nevada",808605,57076,78.5,80868,28.2,19333,4.8,10401,3,2942,17.1,32192,12.6,507341,69298,66.8,82414,11.8,52630,21.4,41676,2231647,30754,431801,337843,64098,51439,45117,39621,302030,68.7,31.3,350111,46.8,53.2,32,003
94,0500000US34025,"Monmouth County, New Jersey",236327,99642,78.7,140420,34.1,22677,4.3,11831,1.2,3294,20.7,35926,5.3,163558,123066,81.3,138015,6,79200,12.7,57519,621354,51716,131559,95079,115208,77446,79293,59034,119621,68,32,57207,43.8,56.2,34,025
95,0500000US34013,"Essex County, New Jersey",289921,63368,80.6,110195,27.4,18991,6.9,9629,2.7,2396,13.4,32833,15.3,189597,81747,60.8,121736,9.3,51891,29.9,42165,799767,39708,157204,127870,94955,63769,57568,49588,91680,60,40,153669,45.8,54.2,34,013
96,0500000US34029,"Ocean County, New Jersey",228622,68551,69.7,96176,44.2,21976,4,13326,1.2,3718,26.2,31572,5.1,150140,86114,81,94583,5.7,75813,13.3,47349,601651,36158,101779,71299,83149,59485,63638,50427,108481,61.7,38.3,42246,36.7,63.3,34,029
97,0500000US34023,"Middlesex County, New Jersey",285480,88217,83.8,113162,28.6,21772,3.6,8875,1,2899,17.5,27595,5.8,207900,104584,76.2,123326,6.6,69718,17.2,56367,829685,39116,178341,126825,88195,66075,72083,52859,119205,66.6,33.4,99758,52.9,47.1,34,023
98,0500000US34031,"Passaic County, New Jersey",169521,75259,81.4,102646,29.3,19509,5.1,9580,1.8,2860,15.7,28292,16.8,125204,84553,66.9,105659,8.9,65772,24.2,45460,503310,33809,106712,76002,72185,58825,51737,47251,59512,57.5,42.5,76720,47.9,52.1,34,031
99,0500000US34007,"Camden County, New Jersey",188840,67523,76.7,97096,35.1,19297,6,9444,2.2,1790,17.9,26618,11.5,122775,85873,65.7,111443,9,58463,25.3,40493,507078,34891,91956,81614,81568,54586,60222,46470,82333,67.1,32.9,59606,39.3,60.7,34,007
100,0500000US34003,"Bergen County, New Jersey",339953,100361,82.1,139087,31,22192,3.6,10424,0.9,2715,13.9,33091,4.7,243393,122539,78.6,141683,6,81831,15.4,66493,936692,50530,212097,155444,108613,75315,75322,60235,140350,63.9,36.1,114028,53.6,46.4,34,003
101,0500000US34039,"Union County, New Jersey",192021,82186,83.3,121894,29.5,19607,4,9666,1.7,2487,17.1,27523,7.4,137761,98341,69.9,120878,8.9,74417,21.2,55083,558067,42326,125927,94706,90812,64593,60190,51551,72782,65.8,34.2,78753,50.1,49.9,34,039
102,0500000US34017,"Hudson County, New Jersey",263924,74414,84.6,115146,22.5,16571,4.9,9351,2.3,2588,9.5,19622,13.8,158957,80997,68,105287,10.5,63909,21.5,37726,676061,42150,167053,114058,89826,69028,60686,51958,59268,61.7,38.3,170877,55.2,44.8,34,017
103,0500000US35001,"Bernalillo County, New Mexico",270655,51208,74.1,74523,31.5,18425,5.2,8938,2.7,2089,20.4,31365,15.8,159729,65701,66.5,84548,10,46241,23.5,33654,678701,30539,125302,100997,66651,49738,46232,38080,105151,69.5,30.5,97009,47.9,52.1,35,001
104,0500000US20173,"Sedgwick County, Kansas",198024,55882,78.5,76751,29.6,19670,6.7,9424,2.6,2532,18,20809,10.9,123752,71433,73.4,85660,8.2,37286,18.4,39588,513607,29479,102128,76212,67125,48582,51429,40639,79572,79.8,20.2,69291,53.4,46.6,20,173
105,0500000US20091,"Johnson County, Kansas",231184,86746,84.2,117226,26.6,22431,2.1,10127,0.5,4786,15.6,26979,2.4,156199,106286,83.1,120507,4.3,66669,12.6,45509,597555,46475,139958,98438,100335,65737,70763,51234,112102,80.4,19.6,69435,57.4,42.6,20,091
106,0500000US36005,"Bronx County, New York",507370,38467,72.2,65503,26.9,14574,13,8846,9.3,3218,13,23834,36.6,323214,46815,42,68109,12.4,50371,45.7,30294,1432132,21712,222779,188128,51616,47896,40475,40260,52420,52.6,47.4,394088,38.8,61.2,36,005
107,0500000US36081,"Queens County, New York",788110,69320,80.9,93677,28.8,18027,5.6,9592,2.8,3196,15.2,26479,13,539742,75797,68.1,87618,8.7,72408,23.2,50568,2278906,31866,479601,377889,63226,58084,50481,47396,196491,53.5,46.5,407411,46.2,53.8,36,081
108,0500000US36047,"Kings County, New York",969317,61220,78.3,102086,25.3,16939,9,9350,4.6,3248,11.9,25240,22.3,591462,71054,62.7,88667,8.6,58736,28.7,46148,2582830,34709,463818,425326,78714,67450,56026,51725,176187,53.2,46.8,641635,46.7,53.3,36,047
109,0500000US36061,"New York County, New York",752258,85066,78.3,169191,24.3,18110,6,9031,3.1,3732,11.8,33985,12.2,319832,107493,67.1,166622,7.3,71060,25.6,41081,1628701,74911,356862,320668,159437,104620,92458,74721,80829,76.3,23.7,543641,55.1,44.9,36,061
110,0500000US36119,"Westchester County, New York",352498,94811,79.4,155345,32.8,21926,4.9,9638,2.1,3975,19.4,40134,9.1,238521,121990,74.5,148483,6.4,80101,19.2,52592,967612,56893,199810,141685,132138,86714,76796,63347,136914,63.1,36.9,132400,45.9,54.1,36,119
111,0500000US36059,"Nassau County, New York",447123,116304,80.4,152329,34.8,23137,3.1,11250,1.3,3261,22.1,38711,4,340833,133326,79.1,147853,5.7,93553,15.2,81708,1358343,50397,285641,218623,110928,78343,78831,62072,223935,61.5,38.5,84115,45.2,54.8,36,059
112,0500000US36055,"Monroe County, New York",301668,60222,74.6,81950,33.8,19975,6.4,9365,3.2,3338,20.5,25177,14.6,180738,80944,70.7,99501,7.1,51072,22.2,33324,742474,32970,134511,111242,70305,56417,55719,47002,126459,76.6,23.4,102450,45.7,54.3,36,055
113,0500000US36103,"Suffolk County, New York",496784,100468,79.2,128153,35.5,22574,4.2,11646,1.9,3957,22.7,36694,6.4,360416,116089,77.6,129371,6.7,83071,15.7,63270,1481093,43905,315291,235094,92692,67004,70633,53865,259877,60,40,96176,43.5,56.5,36,103
114,0500000US36029,"Erie County, New York",390341,56369,73.8,79219,34.1,19890,6.2,9611,3.1,3733,21.9,25062,15.1,230402,75761,71.5,91431,7.4,52579,21.1,40875,919719,32795,170439,140790,68368,53442,53213,44464,150287,78.7,21.3,131293,51.1,48.9,36,029
115,0500000US37119,"Mecklenburg County, North Carolina",418135,63967,84.8,97024,21.3,20557,3.1,10020,0.8,3865,12.3,25856,7.9,257010,80720,70.4,103831,7.5,52797,22.1,40790,1093901,38367,247659,196467,82330,56043,54483,42129,178480,75.3,24.7,176689,53.8,46.2,37,119
116,0500000US21111,"Jefferson County, Kentucky",311263,55851,77.7,79990,31.4,18548,5.4,9424,1.9,2675,20.1,27937,10.6,186545,69552,67.8,91686,9.1,50448,23.1,30069,770517,32955,146177,123736,72049,51592,51124,41538,123135,76.5,23.5,113182,53.5,46.5,21,111
117,0500000US37081,"Guilford County, North Carolina",209842,51803,79.2,75983,29.5,19995,4.6,9621,1.5,2633,16.2,23242,13.7,133620,65924,67.8,90635,7.4,39675,24.7,31938,533670,30877,98701,80073,70586,49906,49441,38264,81249,74.7,25.3,84526,50.8,49.2,37,081
118,0500000US37183,"Wake County, North Carolina",408473,79970,86.3,105081,22.4,21962,2.7,9935,1.1,2830,15.8,29058,5.7,271974,99529,78.6,116717,4.8,59039,16.6,46905,1092305,41022,246005,191135,87132,63405,62242,50038,193479,81.7,18.3,143721,57,43,37,183
119,0500000US39061,"Hamilton County, Ohio",344562,57189,79,84656,27.3,18523,6.3,9921,3,2882,16.7,27905,11.5,200962,77326,66.7,101035,8.6,50956,24.6,35288,816684,35957,161513,132125,77358,55685,54298,44478,132849,78.6,21.4,139556,52.8,47.2,39,061
120,0500000US39049,"Franklin County, Ohio",519468,60373,82.8,82291,22.9,18343,5.3,10300,1.7,2820,15.6,29672,10.7,301328,75032,67.1,95873,8.3,52883,24.5,37399,1310300,33500,269097,227690,70874,53333,52169,42488,196628,77,23,228080,56.8,43.2,39,049
121,0500000US24510,"Baltimore city, Maryland",237204,51000,74.1,82700,28.9,16347,10.2,9093,3.6,3767,17.3,22850,21.3,117955,65702,52.6,92547,8.7,49379,38.8,38776,602495,31433,103056,110255,69912,55562,50983,43472,76090,71.1,28.9,117311,50.6,49.4,24,510
122,0500000US24033,"Prince George's County, Maryland",315759,83034,85.6,96870,24.5,18403,4.2,9700,1.9,2457,22.6,42656,7.9,206154,96929,63.3,117864,9,71440,27.7,68354,909308,37093,190537,175626,66160,65055,52879,55864,157843,68.2,31.8,115941,47.8,52.2,24,033
123,0500000US24003,"Anne Arundel County, Maryland",212687,97814,83.1,121257,28.2,21058,2.6,11058,2,2202,24.4,35602,5.4,145626,114547,77.6,130197,5,90437,17.4,58720,576031,46407,133365,101620,92917,70006,68909,58546,120286,73.3,26.7,53470,52.6,47.4,24,003
124,0500000US24005,"Baltimore County, Maryland",313259,76182,80.1,100766,33,20750,3.8,10149,1.6,2998,21.6,28327,9.2,203785,93684,69.5,114149,8.1,63657,22.4,55420,828431,39071,161127,148259,81036,62302,61220,50454,146331,75,25,99333,46.4,53.6,24,005
125,0500000US24031,"Montgomery County, Maryland",368334,108188,85.4,143190,24,22567,3,9222,1.4,3013,17.7,46745,5.9,257291,127733,79.1,145586,5.8,76682,15.1,68377,1052567,53493,230311,181129,109545,84452,75967,66700,172356,72.7,27.3,123357,51.2,48.8,24,031
126,0500000US25025,"Suffolk County, Massachusetts",315049,69985,80.2,111086,22.7,15893,7.9,9562,3.1,3341,9.4,28331,16.4,153541,82961,61.4,111630,9,67480,29.6,41853,807252,41657,158453,142163,90079,70612,60993,56565,80709,67.1,32.9,190658,49,51,25,025
127,0500000US25017,"Middlesex County, Massachusetts",612224,100517,82.4,137928,26.6,20209,4.4,10105,1.9,4021,14.7,31272,7,385308,124281,79.6,144238,5.7,83420,14.7,55728,1614714,52157,358226,266561,109214,80357,80589,62567,257455,71,29,223776,54.8,45.2,25,017
128,0500000US25005,"Bristol County, Massachusetts",215132,66205,76.6,92948,34.2,17977,7.4,9945,3.9,3182,19.8,24475,16.3,141303,82958,71.1,103050,7.1,60158,21.8,40581,564022,34887,109648,84355,78609,55216,61106,47732,85374,71.4,28.6,79071,53.7,46.3,25,005
129,0500000US25023,"Plymouth County, Massachusetts",189304,90484,78.6,120622,34.7,19557,6,9566,2.1,3492,20.7,31414,10.1,131226,113033,76.4,126205,7.1,80353,16.5,66537,518132,43869,104943,75459,95992,72169,71052,57117,103640,69,31,39705,45.4,54.6,25,023
130,0500000US25009,"Essex County, Massachusetts",295481,76604,78.8,113245,32.6,19039,6.6,9211,3.1,2756,16.8,36756,13.7,198593,96887,71.6,123409,8,61848,20.4,45697,790638,41971,156887,122895,91825,67679,66050,52326,131554,68.9,31.1,103709,41.5,58.5,25,009
131,0500000US25021,"Norfolk County, Massachusetts",267880,100356,81.1,146844,29.3,20615,4.6,10364,1.6,3332,17.5,29857,6.3,174936,129723,80,147169,4.9,84771,15.1,68901,705388,54599,146031,114972,123282,82339,81371,67170,126389,70.1,29.9,81787,53.9,46.1,25,021
132,0500000US39153,"Summit County, Ohio",226243,58876,76.3,80351,33.5,18984,5.7,8731,4,3809,21.7,26953,12.6,135033,77800,71.1,94227,7.9,55330,21,38514,541918,33736,105710,83462,71815,52509,53783,42375,97262,80.9,19.1,70977,54.6,45.4,39,153
133,0500000US39035,"Cuyahoga County, Ohio",542122,49910,73.6,79882,31.3,17762,7.3,9594,2.9,3138,18.2,27013,16.4,295330,70181,64.1,93192,8.8,43817,27.1,33576,1243857,33531,225649,202096,75072,53340,52066,42879,187336,75.9,24.1,212008,51,49,39,035
134,0500000US39113,"Montgomery County, Ohio",224225,50838,75,69825,32.9,17730,6.9,9403,2.5,3395,22.2,26097,13.7,131352,67103,64.3,85757,8.5,53219,27.2,34437,532331,29970,96332,77657,63918,47692,49917,39401,82843,79.3,20.7,85898,55.5,44.5,39,113
135,0500000US40143,"Tulsa County, Oklahoma",250492,55638,79.1,81192,28.4,20223,5,10398,2.3,1776,14.6,21893,11,158364,71414,71.6,86437,7.6,56945,20.8,35320,648360,31607,132894,98811,72464,47707,50601,37523,88593,77.9,22.1,97089,55.5,44.5,40,143
136,0500000US40109,"Oklahoma County, Oklahoma",302645,52214,80.4,76682,27.5,18527,4.7,9804,2.9,1858,17.4,25613,12.4,186085,64223,69,81511,8.3,45936,22.6,31580,792582,31189,157321,127685,69841,45536,46563,36380,105280,76.4,23.6,118932,53.4,46.6,40,109
137,0500000US25027,"Worcester County, Massachusetts",308831,71853,77.9,102621,30.8,18880,6.2,9464,3.2,3829,16.3,27901,12,202026,95247,76,107218,6.7,62924,17.4,46082,830839,37069,166281,128634,83097,60414,65001,50480,141276,72.7,27.3,97899,51.6,48.4,25,027
138,0500000US26125,"Oakland County, Michigan",503645,80193,79,111077,31.2,22019,4.2,10842,1.6,2405,20,28892,6.4,317128,102407,78.9,119213,5.6,68679,15.5,47003,1259201,44104,278458,189638,97059,64891,73585,51989,237698,78.5,21.5,139233,57.1,42.9,26,125
139,0500000US26163,"Wayne County, Michigan",687546,46390,70.6,72076,34,18310,8.9,9634,2.6,2385,20.8,23556,22.3,408205,60108,59.7,82558,9.5,44242,30.8,32364,1753893,26988,286416,236703,65358,49459,50612,40521,216169,73.6,26.4,237960,47.1,52.9,26,163
140,0500000US26081,"Kent County, Michigan",244046,61537,80.5,87507,28.3,20639,4.6,10703,2.4,4694,16.4,20239,9.2,163120,76497,75.6,90461,8.1,50640,16.3,38176,653786,32749,132588,97653,73287,52364,51409,41415,111313,79.2,20.8,70745,53,47,26,081
141,0500000US26099,"Macomb County, Michigan",347508,62107,76.8,80654,34.3,20118,5.9,10308,1.9,1956,22.3,22089,10.8,227394,76333,73.3,88974,7.1,63520,19.6,41524,874759,31940,177343,129156,67861,50316,55439,41864,161109,75.9,24.1,85624,54,46,26,099
