,0,1,2,3,4,5,6,7,8,9,10,11,12,13,14,15,16,17,18,19,20,21,22,23,24,25,26,27,28,29,30,31,32,33,34,35
0,GEO_ID,NAME,S0201_006E,S0201_007E,S0201_008E,S0201_009E,S0201_010E,S0201_011E,S0201_012E,S0201_013E,S0201_014E,S0201_015E,S0201_016E,S0201_017E,S0201_018E,S0201_019E,S0201_020E,S0201_021E,S0201_022E,S0201_023E,S0201_024E,S0201_025E,S0201_026E,S0201_027E,S0201_028E,S0201_029E,S0201_030E,S0201_031E,S0201_032E,S0201_033E,S0201_034E,S0201_035E,S0201_036E,S0201_037E,state,county
1,0500000US41067,"Washington County, Oregon",597695,49.6,50.4,6,16.9,8.2,15.8,14.8,13.3,11.5,8.2,5.2,36.9,77.1,74.3,16.9,13.4,136616,51.2,48.8,461079,49.1,50.9,143745,51.1,48.9,236957,49.6,50.4,80377,43.9,56.1,41,067
2,0500000US41051,"Multnomah County, Oregon",811880,49.6,50.4,5.5,13.3,7.8,18.8,16.5,13.1,11.5,8.4,5,37.6,81.2,78.1,16.6,13.4,152900,51.6,48.4,658980,49.1,50.9,216268,49.8,50.2,333850,50.4,49.6,108862,44.1,55.9,41,051
3,0500000US27053,"Hennepin County, Minnesota",1259428,49.5,50.5,6.5,15.5,8.5,17,13.7,12.2,12.6,8.2,5.8,36.5,78,74.5,17.5,14,276542,50.8,49.2,982886,49.1,50.9,321067,50.8,49.2,484959,49.9,50.1,176860,44,56,27,053
4,0500000US27123,"Ramsey County, Minnesota",550210,48.8,51.2,6.9,16.4,9.8,16.7,12.5,11.1,12.2,8.4,6.1,35.1,76.7,72.7,17.8,14.4,128233,51.3,48.7,421977,48.1,51.9,145838,49.4,50.6,196719,49.2,50.8,79420,42.9,57.1,27,123
5,0500000US42017,"Bucks County, Pennsylvania",628195,49,51,4.9,15.5,8,11,11.8,14.3,15.9,10.6,8,44,79.6,76.4,22.9,18.6,128214,51,49,499981,48.5,51.5,119302,50.9,49.1,263619,49.2,50.8,117060,44.7,55.3,42,017
6,0500000US42091,"Montgomery County, Pennsylvania",828604,48.7,51.3,5.5,16,8,12.5,12.5,13.6,14.1,9.7,8,41.2,78.5,75.2,21.8,17.8,178132,51.1,48.9,650472,48,52,170205,50.4,49.6,333110,49,51,147157,43.1,56.9,42,091
7,0500000US42071,"Lancaster County, Pennsylvania",543557,48.9,51.1,6.5,17,9,13,11.3,12.1,12.9,9.8,8.4,38.7,76.5,72.2,22,18.2,127711,51,49,415846,48.2,51.8,119777,50,50,197318,49.1,50.9,98751,44.3,55.7,42,071
8,0500000US44007,"Providence County, Rhode Island",636084,48.7,51.3,5.7,14.7,10.7,15.3,12.4,12.8,13,8.5,6.8,37.4,79.6,74.8,18.8,15.3,129957,51.1,48.9,506127,48.1,51.9,165777,50.2,49.8,242967,48.8,51.2,97383,42.7,57.3,44,007
9,0500000US45045,"Greenville County, South Carolina",514213,48.7,51.3,6.1,16.8,8.9,13.9,12.7,13.1,12.7,9.4,6.3,38.4,77,73.3,19.2,15.7,118030,51.5,48.5,396183,47.8,52.2,117131,49.6,50.4,198065,48.4,51.6,80987,43.9,56.1,45,045
10,0500000US47157,"Shelby County, Tennessee",935764,47.6,52.4,6.9,18,9.2,14.8,12.5,12.4,12.5,8.4,5.2,36,75.1,71.3,17.7,13.6,233189,50.7,49.3,702575,46.5,53.5,224996,48.8,51.2,350543,46.8,53.2,127036,41.7,58.3,47,157
11,0500000US47037,"Davidson County, Tennessee",692587,48.3,51.7,6.6,14.2,9.8,20.2,13.8,11.7,11.6,7.4,4.8,34.5,79.3,75.5,15.3,12.2,143599,50.6,49.4,548988,47.7,52.3,207845,48.4,51.6,256693,48.9,51.1,84450,42.1,57.9,47,037
12,0500000US06013,"Contra Costa County, California",1150215,48.9,51.1,5.6,17,8.1,12.8,13.5,14.1,13.2,9.2,6.5,40,77.4,74.1,19.4,15.8,259788,51.2,48.8,890427,48.3,51.7,240548,50.7,49.3,468612,48.7,51.3,181267,43.9,56.1,06,013
13,0500000US06001,"Alameda County, California",1666753,49.2,50.8,5.8,14.7,8.3,16.7,15.1,13.3,12.2,8.2,5.6,37.6,79.5,76,17.2,13.8,342511,51.2,48.8,1324242,48.7,51.3,416973,50.2,49.8,676759,49.4,50.6,230510,43.9,56.1,06,001
14,0500000US01073,"Jefferson County, Alabama",659300,47.3,52.7,6.3,16.4,8.8,14.5,12.8,12.2,13.2,9.4,6.5,38.2,77.3,73.4,20,15.9,149547,51.1,48.9,509753,46.3,53.7,153544,48.4,51.6,251509,46.9,53.1,104700,41.6,58.4,01,073
15,0500000US04019,"Pima County, Arizona",1039073,49.1,50.9,5.6,15.2,11.8,12.8,11.4,10.9,12.4,11.3,8.5,39,79.2,74.4,23.5,19.8,216294,50.8,49.2,822779,48.7,51.3,255708,51.4,48.6,361524,48.6,51.4,205547,45.3,54.7,04,019
16,0500000US04013,"Maricopa County, Arizona",4410824,49.5,50.5,6.3,17.5,9.3,14.6,13,12.5,11.6,8.8,6.4,36.6,76.1,72.2,18.5,15.2,1052785,51.1,48.9,3358039,49,51,1051963,51.1,48.9,1636877,49.2,50.8,669199,45.1,54.9,04,013
17,0500000US06037,"Los Angeles County, California",10105518,49.3,50.7,6,15.7,9.5,16.2,13.7,13.3,12,7.8,5.8,36.7,78.3,74.4,16.8,13.6,2188893,51.2,48.8,7916625,48.8,51.2,2599487,50.8,49.2,3941179,49.3,50.7,1375959,43.3,56.7,06,037
18,0500000US06059,"Orange County, California",3185968,49.4,50.6,5.9,16.1,9.2,14.4,13,14,12.7,8.4,6.4,38.3,78.1,74.1,17.9,14.8,698786,51.2,48.8,2487182,48.9,51.1,752434,51.1,48.9,1263522,49.2,50.8,471226,44.4,55.6,06,059
19,0500000US48029,"Bexar County, Texas",1986049,49.4,50.6,7.2,18.4,10.4,15.9,13.5,11.9,10.6,7.3,4.9,33.8,74.4,69.9,15,12.1,508269,50.8,49.2,1477780,48.9,51.1,522284,51.5,48.5,715044,48.8,51.2,240452,43.4,56.6,48,029
20,0500000US06065,"Riverside County, California",2450758,49.8,50.2,6.5,18.7,9.7,14,12.8,12.5,11.5,8.2,6.2,35.8,74.9,70.6,17.6,14.4,616127,51.1,48.9,1834631,49.4,50.6,580206,51.3,48.7,901400,49.7,50.3,353025,45.7,54.3,06,065
21,0500000US06067,"Sacramento County, California",1540975,48.9,51.1,6.4,17.2,8.6,15.7,13.4,12.5,12.2,8.3,5.8,36.4,76.4,73,17.7,14.1,363911,50.9,49.1,1177064,48.2,51.8,373213,50.4,49.6,586407,48.7,51.3,217444,43.2,56.8,06,067
22,0500000US06071,"San Bernardino County, California",2171603,49.8,50.2,7.1,19.2,10.4,15.3,13,12.2,11.3,7.1,4.5,33.6,73.6,69.4,14.5,11.6,572279,51.2,48.8,1599324,49.3,50.7,556508,51.6,48.4,791648,49.1,50.9,251168,45,55,06,071
23,0500000US06099,"Stanislaus County, California",549815,49.5,50.5,7,20.1,9.5,14.2,13.1,11.7,11.2,7.8,5.3,34.5,72.9,68.7,16.3,13.2,148801,51.1,48.9,401014,49,51,130378,51.2,48.8,198129,49.3,50.7,72507,44.1,55.9,06,099
24,0500000US06097,"Sonoma County, California",499942,48.8,51.2,4.9,14.7,8.2,12.5,12.7,12.8,14.5,12,7.6,42.4,80.3,76.5,23.7,19.6,98257,50.9,49.1,401685,48.3,51.7,103355,51.4,48.6,200300,48.6,51.4,98030,44.4,55.6,06,097
25,0500000US06075,"San Francisco County, California",883305,51.1,48.9,4.5,9,7,23.5,15.8,13,11.5,8.7,7,38.3,86.6,84.2,18.9,15.6,118684,51.2,48.8,764621,51,49,269835,51.2,48.8,356658,53.1,46.9,138128,45.3,54.7,06,075
26,0500000US06073,"San Diego County, California",3343364,50.3,49.7,6.2,15.4,10.3,16.5,13.4,12.4,11.8,8.1,5.9,36.1,78.4,74.2,17.4,14.1,722408,51.2,48.8,2620956,50.1,49.9,894364,53.4,46.6,1256771,49.9,50.1,469821,44.5,55.5,06,073
27,0500000US06085,"Santa Clara County, California",1937570,50.7,49.3,5.9,15.9,8.5,16.2,14.4,13.8,11.8,7.5,6,37.2,78.1,74.7,16.8,13.5,423735,51.3,48.7,1513835,50.5,49.5,477790,53.4,46.6,774793,50.8,49.2,261252,44.5,55.5,06,085
28,0500000US06081,"San Mateo County, California",769545,49.6,50.4,5.6,15,7.2,14.9,14.4,13.8,12.9,9.1,7,39.9,79.4,76.5,19.8,16.1,158477,51.6,48.4,611068,49.1,50.9,170280,51.7,48.3,316750,49.7,50.3,124038,43.8,56.2,06,081
29,0500000US06077,"San Joaquin County, California",752660,49.8,50.2,7,20.1,9.7,14,13,12.3,11.2,7.5,5.2,34.5,72.9,68.4,16.2,12.7,204316,51.2,48.8,548344,49.2,50.8,178377,51.3,48.7,274123,49.6,50.4,95844,44.2,55.8,06,077
30,0500000US06019,"Fresno County, California",994400,49.9,50.1,7.8,20.6,9.8,15.4,12.8,11,10.5,7.1,5.1,32.5,71.7,67.4,14.9,12.2,281820,51,49,712580,49.4,50.6,250694,51.1,48.9,340346,49.9,50.1,121540,44.7,55.3,06,019
31,0500000US06029,"Kern County, California",896764,51.3,48.7,7.8,21.1,10.1,15.6,12.8,11.2,10.5,6.6,4.3,32,71.1,67,14,10.9,258952,50.8,49.2,637812,51.4,48.6,230263,53.7,46.3,309473,51.3,48.7,98076,46.4,53.6,06,029
32,0500000US06111,"Ventura County, California",850967,49.5,50.5,5.8,17,9.4,13.4,12.5,13.1,13.2,8.9,6.6,38.4,77.1,73,18.9,15.5,194458,50.8,49.2,656509,49.1,50.9,193929,51.6,48.4,330361,49.4,50.6,132219,44.6,55.4,06,111
33,0500000US08001,"Adams County, Colorado",511868,50.5,49.5,7.1,19.5,8.8,16.4,14.7,12.3,10.9,6.5,3.9,34,73.5,69.8,13.2,10.4,135775,51,49,376093,50.3,49.7,128560,51.7,48.3,194424,51,49,53109,44.4,55.6,08,001
34,0500000US08031,"Denver County, Colorado",716492,50.1,49.9,6,13.5,8,23.3,16,11.6,9.9,7.2,4.5,34.6,80.5,77.3,14.5,11.7,139699,50.5,49.5,576793,50,50,224474,50.5,49.5,268323,51.5,48.5,83996,43.8,56.2,08,031
35,0500000US08005,"Arapahoe County, Colorado",651215,49.6,50.4,6.1,17.3,8.2,15.7,14.3,13.1,12.2,8.3,4.8,36.9,76.6,73.4,16.5,13.1,152661,51.2,48.8,498554,49.1,50.9,155797,51.5,48.5,257748,49.4,50.6,85009,44.2,55.8,08,005
36,0500000US08059,"Jefferson County, Colorado",580233,49.7,50.3,5.2,14.5,7.8,14.8,13.8,13,14.4,10.1,6.4,40.3,80.3,77.1,20.4,16.5,114518,50.9,49.1,465715,49.5,50.5,131096,52.6,47.4,239100,49.6,50.4,95519,45,55,08,059
37,0500000US08041,"El Paso County, Colorado",713856,50.5,49.5,6.8,17.3,10.9,16.1,12.7,11.8,11.7,8,4.8,34.3,75.9,71.7,16,12.8,172062,51,49,541794,50.4,49.6,192434,54.3,45.7,257963,49.5,50.5,91397,44.9,55.1,08,041
38,0500000US48121,"Denton County, Texas",859064,49.2,50.8,6.3,18.4,9.2,14.8,15.4,14.5,11.3,6.5,3.6,35.8,75.3,70.9,12.9,10.1,211996,51.1,48.9,647068,48.6,51.4,206710,49.5,50.5,353220,49.1,50.9,87138,44.7,55.3,48,121
39,0500000US48141,"El Paso County, Texas",840758,49.4,50.6,7.5,19.6,11.3,15,12.4,11.5,10.4,7,5.3,32.5,72.9,68.1,15.3,12.3,228101,51,49,612657,48.8,51.2,221207,52.9,47.1,288396,47.7,52.3,103054,42.6,57.4,48,141
40,0500000US48085,"Collin County, Texas",1005146,49.2,50.8,6.2,19.7,8.2,12.8,15.9,15,11.2,7,4,37.2,74.1,70.5,14,11,260477,51,49,744669,48.6,51.4,210668,49.9,50.1,423556,49.2,50.8,110445,43.8,56.2,48,085
41,0500000US48113,"Dallas County, Texas",2637772,49.4,50.6,7.5,18.7,9.6,16.5,13.8,12.4,10.9,6.6,4.2,33.5,73.9,70.1,13.6,10.7,689655,51,49,1948117,48.8,51.2,687617,50.3,49.7,977318,49.3,50.7,283182,43.1,56.9,48,113
42,0500000US09009,"New Haven County, Connecticut",857620,48.1,51.9,5.1,15.1,10,13.4,11.7,13.4,14,9.7,7.7,40.5,79.8,75,21.3,17.3,173312,51.1,48.9,684308,47.4,52.6,200459,50.1,49.9,335060,47.9,52.1,148789,42.7,57.3,09,009
43,0500000US09003,"Hartford County, Connecticut",892697,48.7,51.3,5.3,15.6,9.1,13.2,12.3,13.4,13.9,9.5,7.6,40.3,79,75,21,17.1,187303,51,49,705394,48,52,199066,51.4,48.6,353654,48.5,51.5,152674,42.7,57.3,09,003
44,0500000US09001,"Fairfield County, Connecticut",943823,48.7,51.3,5.5,17,9.1,11.4,12.4,14.6,14.1,8.7,7.2,40.8,77.5,73.7,19.9,15.9,211990,51,49,731833,48,52,193649,50.7,49.3,388360,48.5,51.5,149824,43.4,56.6,09,001
45,0500000US48215,"Hidalgo County, Texas",865939,49.1,50.9,8.9,23.6,11,13.5,12.6,11,8.3,6.2,4.9,29.5,67.5,62.6,13.5,11.1,281292,51.2,48.8,584647,48.1,51.9,212065,50.5,49.5,276567,47.7,52.3,96015,44,56,48,215
46,0500000US48339,"Montgomery County, Texas",590925,49.8,50.2,6.8,19.5,8.2,12.7,13.8,13.5,12.2,8.3,4.9,37.5,73.6,70.1,16.1,13.3,155734,52,48,435191,49.1,50.9,123568,51,49,233209,49.5,50.5,78414,44.8,55.2,48,339
47,0500000US48453,"Travis County, Texas",1248743,50.5,49.5,6.3,15.4,9.2,20.1,16,12.8,10.5,6.4,3.5,34.5,78.3,74.6,12.6,9.9,270535,50.9,49.1,978208,50.4,49.6,365047,51.6,48.4,489727,50.8,49.2,123434,45.3,54.7,48,453
48,0500000US48491,"Williamson County, Texas",566719,49.2,50.8,6.5,19.2,7.9,13.9,16.4,13.5,10.4,7.6,4.5,36.5,74.3,70.9,15.2,12.1,145367,51.3,48.7,421352,48.5,51.5,123986,49.8,50.2,228707,49.1,50.9,68659,44.2,55.8,48,491
49,0500000US48439,"Tarrant County, Texas",2084931,48.9,51.1,7,19.3,9.4,14.9,13.7,13,11.5,6.9,4.4,34.6,73.7,69.6,14.3,11.3,548633,50.8,49.2,1536298,48.2,51.8,506458,49.6,50.4,794364,48.7,51.3,235476,43.7,56.3,48,439
50,0500000US10003,"New Castle County, Delaware",559335,48.5,51.5,5.8,15.7,9.3,14.5,12.4,13.3,13.5,9.1,6.4,38.4,78.5,73.8,19.4,15.6,120253,50.6,49.4,439082,47.9,52.1,133252,50.1,49.9,218737,48.3,51.7,87093,43.4,56.6,10,003
51,0500000US11001,"District of Columbia, District of Columbia",702455,47.6,52.4,6.5,11.6,10.7,23.3,15,10.8,10,7,5.2,33.9,81.9,77.1,14.9,12.2,127214,51.1,48.9,575241,46.8,53.2,238532,46.4,53.6,251083,49.1,50.9,85626,41.1,58.9,11,001
52,0500000US12031,"Duval County, Florida",950181,48.4,51.6,6.8,15.8,8.8,16.6,12.6,12.5,12.8,8.6,5.4,36.3,77.4,73.6,17.6,14.1,214790,50.9,49.1,735391,47.7,52.3,241658,50.1,49.9,360134,47.8,52.2,133599,43,57,12,031
53,0500000US12009,"Brevard County, Florida",596849,48.5,51.5,4.7,13.7,7.3,11.3,10.4,12.5,16.4,12.8,10.9,47.2,81.6,78.1,28.5,23.7,109627,49.5,50.5,487222,48.3,51.7,111216,52.3,47.7,234738,47.9,52.1,141268,45.8,54.2,12,009
54,0500000US12086,"Miami-Dade County, Florida",2761581,48.5,51.5,5.8,14.5,8.4,14.3,13.7,14.7,12.5,8.7,7.5,40.1,79.8,76.3,19.5,16.2,558719,50.8,49.2,2202862,47.9,52.1,626174,50.9,49.1,1128720,48.8,51.2,447968,41.5,58.5,12,086
55,0500000US12071,"Lee County, Florida",754610,49,51,4.6,13,6.9,10.8,10.3,11.7,14,15.7,12.9,48.8,82.4,79.1,32.8,28.7,132674,51.5,48.5,621936,48.5,51.5,134051,50.7,49.3,271625,48.1,51.9,216260,47.6,52.4,12,071
56,0500000US48201,"Harris County, Texas",4698619,49.7,50.3,7.5,19.1,9.3,16.1,14.3,12.5,10.7,6.6,3.9,33.7,73.4,69.5,13.5,10.5,1251684,51,49,3446935,49.2,50.8,1191199,50.7,49.3,1761322,49.6,50.4,494414,44.3,55.7,48,201
57,0500000US48157,"Fort Bend County, Texas",787858,49.1,50.9,6.9,20.5,8.2,12.1,15.3,14.1,11.9,7.4,3.7,36.6,72.6,68.8,14.5,11.1,215824,50.9,49.1,572034,48.4,51.6,159846,49.1,50.9,324908,48.7,51.3,87280,45.8,54.2,48,157
58,0500000US12095,"Orange County, Florida",1380645,49.1,50.9,6.1,16.1,10.5,16.9,14.3,13,11.2,7.2,4.7,35.3,77.9,73.3,14.9,11.9,305594,51.2,48.8,1075051,48.5,51.5,378310,49.8,50.2,531857,49,51,164884,43.9,56.1,12,095
59,0500000US12099,"Palm Beach County, Florida",1485941,48.4,51.6,5.1,14,7.6,12,11.5,12.8,13.3,11.6,12.3,44.9,80.9,77.4,27.7,23.9,283443,51,49,1202498,47.8,52.2,290333,50.8,49.2,557327,48.5,51.5,354838,44.3,55.7,12,099
60,0500000US12011,"Broward County, Florida",1951260,48.7,51.3,5.8,15.3,8,13.4,13.4,14.1,13.4,9.3,7.3,40.4,78.9,75.7,20.3,16.6,412226,50.8,49.2,1539034,48.2,51.8,417939,50.4,49.6,796570,48.7,51.3,324525,43.9,56.1,12,011
61,0500000US12057,"Hillsborough County, Florida",1436888,48.9,51.1,6.2,16.4,9,15.3,13.6,13.3,12,8.5,5.8,37.1,77.5,73.7,17.6,14.3,323828,51.3,48.7,1113060,48.2,51.8,348236,49.9,50.1,559016,48.7,51.3,205808,44,56,12,057
62,0500000US42101,"Philadelphia County, Pennsylvania",1584138,47.3,52.7,6.6,15.1,9.9,19.1,12.6,11.4,11.7,7.8,5.8,34.5,78.3,74.1,16.9,13.6,344091,50.9,49.1,1240047,46.4,53.6,458679,48.5,51.5,565613,46.9,53.1,215755,40.2,59.8,42,101
63,0500000US42003,"Allegheny County, Pennsylvania",1218452,48.3,51.7,5.3,13.4,8.8,15.4,11.8,12,14.4,10.5,8.4,40.5,81.3,77.6,23.2,18.9,227749,51,49,990703,47.7,52.3,294805,50.3,49.7,465979,48.8,51.2,229919,42.1,57.9,42,003
64,0500000US29095,"Jackson County, Missouri",700307,48.3,51.7,6.6,16.9,8.2,15.7,12.7,11.9,13,8.7,6.3,36.7,76.4,73.1,18.6,15,165105,50.6,49.4,535202,47.6,52.4,167005,49.5,50.5,263457,48.3,51.7,104740,42.6,57.4,29,095
65,0500000US12127,"Volusia County, Florida",547538,48.8,51.2,4.7,12.9,8.2,11.8,10.5,12.2,15.3,13.7,10.7,46.6,82.4,78.6,28.7,24.4,96391,51.6,48.4,451147,48.2,51.8,109385,51.8,48.2,208018,48.1,51.9,133744,45.5,54.5,12,127
66,0500000US12105,"Polk County, Florida",708009,49,51,5.8,16.3,8.4,13,11.9,12,12.2,11.5,8.8,40.2,77.9,73.9,23.7,20.3,156486,51.3,48.7,551523,48.4,51.6,152126,50.2,49.8,255971,48.8,51.2,143426,45.6,54.4,12,105
67,0500000US12103,"Pinellas County, Florida",975280,48,52,4.3,11.8,6.5,12.2,11,13.4,16,13.3,11.5,48.5,83.8,81.3,29.5,24.8,157685,51,49,817595,47.4,52.6,182123,49.8,50.2,393624,48.1,51.9,241848,44.5,55.5,12,103
68,0500000US12101,"Pasco County, Florida",539630,48.5,51.5,5.2,15.1,7.2,10.8,12.3,13.3,13.5,12.5,10.1,44.5,79.7,76.5,26.5,22.6,109471,50.4,49.6,430159,48,52,97086,49.9,50.1,210939,48.5,51.5,122134,45.7,54.3,12,101
69,0500000US13135,"Gwinnett County, Georgia",927781,48.8,51.2,6.6,20.2,9.1,13.3,14.4,14.7,11.6,6.5,3.6,35.5,73.2,68.9,13,10.1,248878,50.7,49.3,678903,48,52,207467,50.1,49.9,377731,48.1,51.9,93705,43.5,56.5,13,135
70,0500000US15003,"Honolulu County, Hawaii",980080,50.3,49.7,6.3,14.9,9.3,15.1,12.9,11.9,11.9,9.6,8.1,38.1,78.8,75.3,21.2,17.7,207907,51.4,48.6,772173,50,50,238631,53.9,46.1,359930,50.2,49.8,173612,44.2,55.8,15,003
71,0500000US49049,"Utah County, Utah",622213,50.5,49.5,9.4,24,16.9,14.3,12.8,8.3,6.7,4.6,3.1,24.9,66.6,60.7,9.8,7.7,207710,51.4,48.6,414503,50.1,49.9,193693,50.9,49.1,172744,50.3,49.7,48066,46.3,53.7,49,049
72,0500000US49035,"Salt Lake County, Utah",1152633,50.1,49.9,7.5,19.7,9.6,16.5,14.7,11.1,10,6.7,4.2,32.9,72.9,69,13.8,10.9,312887,50.7,49.3,839746,49.9,50.1,300879,51.2,48.8,413406,50.3,49.7,125461,45.2,54.8,49,035
73,0500000US51059,"Fairfax County, Virginia",1150795,49.6,50.4,6.4,17,8.4,13.3,14.5,14.3,12.8,8.2,5.3,38,76.6,73.3,16.8,13.4,269098,51.2,48.8,881697,49.1,50.9,249800,51.1,48.9,477258,49.2,50.8,154639,45.8,54.2,51,059
74,0500000US13089,"DeKalb County, Georgia",756558,47.2,52.8,7,16.2,8.4,16.8,14.3,13.1,11.8,8,4.5,35.9,76.8,73.8,15.9,12.4,175679,50.4,49.6,580879,46.2,53.8,190655,48,52,296235,46.7,53.3,93989,41,59,13,089
75,0500000US13067,"Cobb County, Georgia",756865,48.5,51.5,6.2,17.4,8.9,14.7,14.1,14.3,12.2,7.8,4.5,36.7,76.5,72.5,15.5,12.3,178195,50.5,49.5,578670,47.9,52.1,178696,50,50,307146,47.9,52.1,92828,43.7,56.3,13,067
76,0500000US13121,"Fulton County, Georgia",1050114,48.5,51.5,5.9,16,10.1,17,14.2,13.8,11.3,6.9,4.7,35.6,78.1,73.4,14.8,11.7,229550,50.9,49.1,820564,47.8,52.2,285036,49.7,50.3,412853,48.2,51.8,122675,42,58,13,121
77,0500000US42045,"Delaware County, Pennsylvania",564751,48.2,51.8,5.9,16,9.8,13.1,12.1,12.7,14,9.1,7.2,39,78.1,73.4,20.1,16.4,123763,51.4,48.6,440988,47.3,52.7,129401,49.8,50.2,219136,47.9,52.1,92451,42.4,57.6,42,045
78,0500000US42029,"Chester County, Pennsylvania",522046,49.3,50.7,5.6,17.2,8.9,11.6,12.4,13.9,14.1,9.5,6.8,40.6,77.3,73.3,20.6,16.3,118708,51.2,48.8,403338,48.8,51.2,107275,50.5,49.5,210895,49.5,50.5,85168,44.9,55.1,42,029
79,0500000US17031,"Cook County, Illinois",5180493,48.6,51.4,6.1,15.7,8.8,16.3,13.5,12.5,12.3,8.3,6.3,37,78.2,74.7,18.2,14.6,1129672,50.9,49.1,4050821,47.9,52.1,1302818,49.9,50.1,1990062,48.8,51.2,757941,42.2,57.8,17,031
80,0500000US29189,"St. Louis County, Missouri",996945,47.4,52.6,5.9,16.1,8.5,12.9,11.9,12.5,14.1,10.2,7.9,40.4,78,74.6,22.2,18.1,219527,50.9,49.1,777418,46.4,53.6,212677,49.1,50.9,384220,47,53,180521,41.9,58.1,29,189
81,0500000US53033,"King County, Washington",2233163,50.2,49.8,5.8,14.5,8.1,18.4,15,13.1,11.9,7.9,5.3,36.8,79.7,76.5,16.5,13.2,452860,50.9,49.1,1780303,50,50,591141,51.8,48.2,894271,50.7,49.3,294891,44.4,55.6,53,033
82,0500000US17043,"DuPage County, Illinois",928589,49.2,50.8,5.9,16.7,8.6,12.7,13,13.5,14,9.2,6.3,39.5,77.3,73.7,19.4,15.5,210579,51.5,48.5,718010,48.5,51.5,197909,50.9,49.1,376340,48.9,51.1,143761,44.3,55.7,17,043
83,0500000US17089,"Kane County, Illinois",534216,49.9,50.1,6.3,19.1,9,11.8,13.6,13.9,12.5,8.4,5.3,37.7,74.5,70.6,16.8,13.7,135996,51.4,48.6,398220,49.3,50.7,111487,50.9,49.1,213652,50,50,73081,45.1,54.9,17,089
84,0500000US53053,"Pierce County, Washington",891299,49.8,50.2,6.7,16.8,8.9,15.6,13.4,12.4,12.5,8.5,5.3,36.4,76.5,73,17.5,13.8,209271,51.3,48.7,682028,49.3,50.7,217921,51.9,48.1,340850,49.3,50.7,123257,44.9,55.1,53,053
85,0500000US31055,"Douglas County, Nebraska",566880,49.3,50.7,7.5,18.1,9.1,15.5,13.4,11.7,11.6,7.9,5.2,34.8,74.4,70.5,16.3,13,145336,51,49,421544,48.7,51.3,139644,50.1,49.9,208039,49.6,50.4,73861,43.8,56.2,31,055
86,0500000US53061,"Snohomish County, Washington",814901,50.1,49.9,6.3,16.3,7.7,14.8,14.3,13.6,13.5,8.5,5,37.8,77.4,74.3,17.1,13.5,184546,50.8,49.2,630355,49.8,50.2,183730,51.5,48.5,336742,50.5,49.5,109883,44.9,55.1,53,061
87,0500000US53063,"Spokane County, Washington",514631,49.3,50.7,6.1,16,9.3,15,12.6,11.7,13,9.8,6.4,37.8,77.8,73.7,19.8,16.2,114053,50.4,49.6,400578,49,51,125201,51.3,48.7,191875,49.2,50.8,83502,45,55,53,063
88,0500000US17197,"Will County, Illinois",692310,49.7,50.3,5.8,19,9.2,11.9,13.5,15,12.6,7.9,5.1,38.1,75.2,71.1,16.3,13.1,171783,51.1,48.9,520527,49.2,50.8,145815,51.5,48.5,284283,49.5,50.5,90429,44.6,55.4,17,197
89,0500000US17097,"Lake County, Illinois",700832,50,50,5.7,18.3,10.3,11.1,12.5,14.1,13.7,8.5,5.8,38.5,75.9,71.3,18,14.2,168695,51.2,48.8,532137,49.6,50.4,150313,53.3,46.7,282023,49.2,50.8,99801,45.3,54.7,17,097
90,0500000US55079,"Milwaukee County, Wisconsin",948201,48.4,51.6,6.8,17.2,9.6,16.3,12.8,11.6,12.1,7.9,5.7,35.1,76,71.7,17.2,13.6,227433,51,49,720768,47.6,52.4,245542,49.3,50.7,346290,48.2,51.8,128936,42.7,57.3,55,079
91,0500000US55025,"Dane County, Wisconsin",542364,49.6,50.4,5.6,14.8,13.3,15.8,13.4,11.7,11.6,8.4,5.4,35.3,79.6,74.4,16.8,13.8,110871,50.6,49.4,431493,49.3,50.7,157857,51.2,48.8,198699,49.6,50.4,74937,44.8,55.2,55,025
92,0500000US18097,"Marion County, Indiana",954670,48.1,51.9,7.2,17.4,9.2,16.9,12.9,11.7,12,7.5,5.1,34.5,75.4,71.5,15.7,12.6,235211,51,49,719459,47.1,52.9,249420,48.4,51.6,349947,48,52,120092,42,58,18,097
93,0500000US32003,"Clark County, Nevada",2231647,49.9,50.1,6.3,16.9,8.2,14.9,13.8,13.3,11.8,9,5.7,37.6,76.8,73.2,18.1,14.7,517629,51,49,1714018,49.5,50.5,516331,50.7,49.3,868997,49.9,50.1,328690,46.5,53.5,32,003
94,0500000US34003,"Bergen County, New Jersey",936692,48.5,51.5,5.3,15.9,8.1,11.6,13.2,14.5,14.2,9.3,7.8,42,78.8,75.6,20.9,17.2,198333,51,49,738359,47.9,52.1,184593,50.5,49.5,392767,48.5,51.5,160999,43.3,56.7,34,003
95,0500000US20091,"Johnson County, Kansas",597555,49.2,50.8,6.3,18,7.9,13.7,14,13,12.5,8.8,5.7,37.8,75.6,72.7,18.1,14.5,145641,51.4,48.6,451914,48.5,51.5,129082,50.5,49.5,236308,49,51,86524,44.2,55.8,20,091
96,0500000US34007,"Camden County, New Jersey",507078,47.9,52.1,6.1,16.6,8.2,13.9,12.7,13.3,13.6,9.1,6.5,38.8,77.4,73.8,19.3,15.6,114758,49.9,50.1,392320,47.4,52.6,112190,50.1,49.9,200890,47.8,52.2,79240,42.4,57.6,34,007
97,0500000US34013,"Essex County, New Jersey",799767,48.1,51.9,6.6,17.1,8.8,13.8,14,14,12.3,7.7,5.8,37.8,76.4,72.6,17.4,13.6,188978,51,49,610789,47.2,52.8,180728,49.7,50.3,321529,48,52,108532,40.9,59.1,34,013
98,0500000US34025,"Monmouth County, New Jersey",621354,48.7,51.3,5,16.2,8.3,10.8,11.5,14.9,15.7,10.1,7.5,43.6,78.8,75.4,21.8,17.6,131726,51.2,48.8,489628,48,52,118598,51.3,48.7,261830,48.4,51.6,109200,43.7,56.3,34,025
99,0500000US34029,"Ocean County, New Jersey",601651,48.2,51.8,7.1,16.9,7.3,11,10,11.6,13.4,12,10.7,42.7,76.1,73.1,26.7,22.7,143989,51,49,457662,47.4,52.6,110209,51,49,211175,48.5,51.5,136278,42.7,57.3,34,029
100,0500000US34023,"Middlesex County, New Jersey",829685,49.4,50.6,5.8,15.9,9.3,13.6,13.8,13.7,13.1,8.6,6.4,38.7,78.3,73.8,18.4,15,179932,51.1,48.9,649753,48.9,51.1,189399,50.8,49.2,336216,49.8,50.2,124138,43.6,56.4,34,023
101,0500000US34017,"Hudson County, New Jersey",676061,49.7,50.3,6.9,13.5,8,21.1,15.8,12.2,10.7,6.7,5.1,35.3,79.6,76.6,15,11.8,138221,50.5,49.5,537840,49.5,50.5,196643,51.8,48.2,261279,50.2,49.8,79918,41.7,58.3,34,017
102,0500000US34031,"Passaic County, New Jersey",503310,48.8,51.2,6.7,17.1,9.7,13.3,12.8,13.1,12.7,8.2,6.3,37.4,76.2,72,18.1,14.5,119860,51.1,48.9,383450,48.1,51.9,115770,49.7,50.3,194469,49.1,50.9,73211,42.8,57.2,34,031
103,0500000US34039,"Union County, New Jersey",558067,48.8,51.2,6.3,17.1,8.4,12.9,13.7,14.2,13,8.1,6.3,38.8,76.6,73.2,17.8,14.4,130521,50.7,49.3,427546,48.2,51.8,118795,50.6,49.4,228498,49,51,80253,42.5,57.5,34,039
104,0500000US35001,"Bernalillo County, New Mexico",678701,49.1,50.9,5.5,16.2,9.1,14.7,12.9,12.1,13,9.8,6.6,37.8,78.3,74.3,19.8,16.4,147370,51.3,48.7,531331,48.5,51.5,162049,50.9,49.1,258066,48.9,51.1,111216,44.1,55.9,35,001
105,0500000US36005,"Bronx County, New York",1432132,47.1,52.9,7.2,17.6,10,16.1,12.6,12.5,11.2,7.1,5.7,34.4,75.2,71.2,15.9,12.8,355049,50.8,49.2,1077083,45.8,54.2,372852,49.1,50.9,521066,45.8,54.2,183165,39.3,60.7,36,005
106,0500000US20173,"Sedgwick County, Kansas",513607,49.6,50.4,6.9,18.8,9.2,14.1,12.4,11.4,12.7,8.6,5.9,35.7,74.3,70.6,18,14.5,131921,51.3,48.7,381686,49,51,119855,50.7,49.3,187523,49.5,50.5,74308,45,55,20,173
107,0500000US36029,"Erie County, New York",919719,48.4,51.6,5.5,14.8,9.2,14.3,11.2,12.7,14.4,10,8,40.3,79.8,75.6,22,18,186092,50.8,49.2,733627,47.7,52.3,216133,50.3,49.7,352278,48.4,51.6,165216,43,57,36,029
108,0500000US36059,"Nassau County, New York",1358343,48.7,51.3,5.5,16,8.8,11.7,12,13.9,14.3,9.8,8,41.7,78.6,74.9,21.6,17.8,291228,51.3,48.7,1067115,48,52,278457,50.8,49.2,547328,48.6,51.4,241330,43.4,56.6,36,059
109,0500000US36081,"Queens County, New York",2278906,48.5,51.5,6.2,13.9,7.6,16.1,13.7,13.5,13.2,8.8,6.8,39.2,79.9,76.8,19.1,15.7,458368,51.3,48.7,1820538,47.8,52.2,540265,49.9,50.1,922643,48.7,51.3,357630,42.3,57.7,36,081
110,0500000US36061,"New York County, New York",1628701,47.3,52.7,4.7,9.6,9,22.4,14.3,12.2,11.3,9,7.5,37.6,85.7,82.5,19.7,16.5,232979,50.3,49.7,1395722,46.8,53.2,510028,47.2,52.8,616860,49.1,50.9,268834,40.8,59.2,36,061
111,0500000US36047,"Kings County, New York",2582830,47.4,52.6,7.2,15.6,8.1,18.4,14,11.7,11.2,7.9,6,35.4,77.2,74.2,17.1,13.9,588823,51.1,48.9,1994007,46.3,53.7,683251,48.5,51.5,951959,46.7,53.3,358797,40.9,59.1,36,047
112,0500000US36055,"Monroe County, New York",742474,48.2,51.8,5.5,15.3,9.9,14.1,11.5,12.7,13.8,9.8,7.4,39.2,79.2,74.8,21.6,17.3,154216,51,49,588258,47.5,52.5,178290,50.1,49.9,281858,47.7,52.3,128110,43.5,56.5,36,055
113,0500000US36119,"Westchester County, New York",967612,48.5,51.5,5.6,16.3,8.8,11.5,12.7,14.3,13.7,9.1,8,40.9,78.1,74.3,20.7,17.1,211845,51.6,48.4,755767,47.6,52.4,196418,50.1,49.9,394012,48.4,51.6,165337,42.6,57.4,36,119
114,0500000US36103,"Suffolk County, New York",1481093,49.3,50.7,5.4,15.8,9,11.9,11.7,14.8,14.5,9.5,7.4,41.8,78.9,75.1,20.8,16.9,313018,51.1,48.9,1168075,48.8,51.2,309477,51.5,48.5,608516,49.5,50.5,250082,43.8,56.2,36,103
115,0500000US21111,"Jefferson County, Kentucky",770517,48.3,51.7,6.3,15.9,8.5,14.8,12.5,12.3,13.5,9.5,6.7,38.6,77.8,74.1,19.9,16.1,170794,51.1,48.9,599723,47.5,52.5,179535,50,50,295767,48.2,51.8,124421,42.4,57.6,21,111
116,0500000US37081,"Guilford County, North Carolina",533670,47.4,52.6,5.9,16.4,10.8,13.8,12.3,13.2,12.5,8.9,6.2,37,77.7,71.9,18.8,15.1,119037,50.7,49.3,414633,46.4,53.6,131234,47.1,52.9,202925,47.4,52.6,80474,42.6,57.4,37,081
117,0500000US26081,"Kent County, Michigan",653786,49.2,50.8,6.7,17.4,9.5,15.7,12.7,12,12.3,8.1,5.6,35.5,75.9,71.8,17.2,13.7,157809,51.3,48.7,495977,48.6,51.4,164596,50.3,49.7,241630,49.2,50.8,89751,43.8,56.2,26,081
118,0500000US37119,"Mecklenburg County, North Carolina",1093901,48.1,51.9,6.6,16.9,9.1,17,14.6,13.5,11,7,4.2,35.2,76.4,72.7,14.2,11.2,257714,50.8,49.2,836187,47.3,52.7,285578,49,51,428018,47.7,52.3,122591,42,58,37,119
119,0500000US37183,"Wake County, North Carolina",1092305,48.7,51.3,6.2,17.7,9.1,14.7,14.9,14.3,11.4,7.3,4.3,36.4,76.1,72.1,14.6,11.6,261532,50.8,49.2,830773,48,52,260294,49.4,50.6,443639,48.5,51.5,126840,43.2,56.8,37,183
120,0500000US39035,"Cuyahoga County, Ohio",1243857,47.7,52.3,5.7,15,8.7,14.2,11.5,12.4,14.3,10.1,8.1,40.4,79.3,75.8,22.3,18.2,257827,50.9,49.1,986030,46.8,53.2,284817,49.4,50.6,475076,47.6,52.4,226137,42,58,39,035
121,0500000US39061,"Hamilton County, Ohio",816684,48.3,51.7,6.5,16.5,9.3,15.3,11.8,12,13.3,8.8,6.5,36.6,77.1,73.1,19,15.3,187275,50.7,49.3,629409,47.5,52.5,200954,49.9,50.1,303438,48.1,51.9,125017,42.5,57.5,39,061
122,0500000US39049,"Franklin County, Ohio",1310300,48.8,51.2,7.1,16.2,9.8,18.3,13.4,11.9,11.4,7.3,4.7,34.1,76.8,72.3,15.3,12,304644,50.9,49.1,1005656,48.2,51.8,368772,49.7,50.3,479343,48.9,51.1,157541,42.5,57.5,39,049
123,0500000US24510,"Baltimore city, Maryland",602495,46.9,53.1,6.3,14.1,9.6,19.1,12.6,11.6,12.7,8.3,5.6,35.5,79.6,75.5,17.9,14,123114,50.7,49.3,479381,45.9,54.1,172841,47.8,52.2,222471,46.6,53.4,84069,40.3,59.7,24,510
124,0500000US24033,"Prince George's County, Maryland",909308,48.1,51.9,6.5,15.7,9.7,14.6,13.4,13.9,13,8.3,4.9,37.4,77.8,73.3,16.8,13.3,201928,50.8,49.2,707380,47.4,52.6,220649,50.4,49.6,366106,47.4,52.6,120625,41.7,58.3,24,033
125,0500000US24003,"Anne Arundel County, Maryland",576031,49.6,50.4,6.2,16.1,8.7,14.1,13.5,13.5,13.3,8.7,6,38.2,77.8,74.6,18.4,14.7,127974,50.8,49.2,448057,49.2,50.8,131129,52.5,47.5,232117,49.2,50.8,84811,44.3,55.7,24,003
126,0500000US24005,"Baltimore County, Maryland",828431,47.4,52.6,5.9,15.7,8.8,13.8,12.2,12.8,13.7,9.6,7.6,39.5,78.4,74.4,21.4,17.2,178822,50.9,49.1,649609,46.4,53.6,186424,48.9,51.1,320643,47,53,142542,42,58,24,005
127,0500000US24031,"Montgomery County, Maryland",1052567,48.4,51.6,6.3,16.9,7.8,12.7,13.8,13.9,13.1,8.8,6.7,39.2,76.8,73.6,19.3,15.5,244087,51.1,48.9,808480,47.6,52.4,216177,50.1,49.9,428658,47.9,52.1,163645,43.3,56.7,24,031
128,0500000US25025,"Suffolk County, Massachusetts",807252,48.4,51.6,5.2,11.4,13.7,23.4,12.9,11,10.4,7,5,32.9,83.4,77.2,14.7,12,133658,50.7,49.3,673594,47.9,52.1,299320,48.8,51.2,277322,48.9,51.1,96952,42.4,57.6,25,025
129,0500000US25027,"Worcester County, Massachusetts",830839,49.3,50.7,5.4,15.6,9.7,13.1,12.1,14.2,14.3,9.2,6.4,40,79,74.6,19.7,15.6,174421,51.2,48.8,656418,48.8,51.2,189072,50.9,49.1,337504,49.3,50.7,129842,44.7,55.3,25,027
130,0500000US25017,"Middlesex County, Massachusetts",1614714,48.9,51.1,5.3,14.4,10,15.6,13.1,13.4,12.9,8.6,6.6,38.4,80.3,76.2,18.8,15.2,318633,51.1,48.9,1296081,48.4,51.6,412527,50.5,49.5,637494,49.1,50.9,246060,43.3,56.7,25,017
131,0500000US25005,"Bristol County, Massachusetts",564022,48.4,51.6,5.2,15.4,9.2,12.7,12.4,14.1,14.1,9.8,7,40.9,79.4,75.6,21.1,16.8,116098,50.9,49.1,447924,47.8,52.2,123952,50.2,49.8,229116,48.5,51.5,94856,42.8,57.2,25,005
132,0500000US25009,"Essex County, Massachusetts",790638,48.3,51.7,5.6,15.7,9.3,12.3,12,13.8,14.3,9.8,7.2,41.1,78.7,74.5,21,17.1,168346,51.1,48.9,622292,47.5,52.5,170700,50.2,49.8,316714,48,52,134878,43,57,25,009
133,0500000US25023,"Plymouth County, Massachusetts",518132,48.8,51.2,5.3,16,8.7,11,11.4,14.5,15,10.8,7.2,43,78.7,75.1,22.4,18.1,110245,51.4,48.6,407887,48.1,51.9,101953,50.5,49.5,212328,48.6,51.4,93606,44.1,55.9,25,023
134,0500000US25021,"Norfolk County, Massachusetts",705388,48,52,5.3,15.6,8.7,12.9,12.6,14,14,9.4,7.5,40.7,79.1,75.6,20.7,16.9,147526,50.8,49.2,557862,47.3,52.7,152695,48.9,51.1,286209,48.5,51.5,118958,42.5,57.5,25,021
135,0500000US39153,"Summit County, Ohio",541918,48.6,51.4,5.5,15.4,8.6,13.2,11.9,13,14.6,10.4,7.6,41,79.1,75.6,22.5,18,113126,50.8,49.2,428792,48,52,117793,50.4,49.6,213532,48.5,51.5,97467,44.1,55.9,39,153
136,0500000US39113,"Montgomery County, Ohio",532331,48.3,51.7,6.1,16,9.2,13.6,11.5,12.2,13.5,10.1,7.9,39.2,77.9,74,21.6,18,117544,52,48,414787,47.3,52.7,121110,49.6,50.4,198033,48.2,51.8,95644,42.5,57.5,39,113
137,0500000US40143,"Tulsa County, Oklahoma",648360,48.8,51.2,7.1,18.2,8.8,14.7,12.9,11.9,12.1,8.6,5.8,35.9,74.7,70.9,17.7,14.4,164041,51.2,48.8,484319,48,52,152126,49.9,50.1,238874,48.7,51.3,93319,43,57,40,143
138,0500000US40109,"Oklahoma County, Oklahoma",792582,49,51,7.5,18.2,9,15.6,12.9,11.3,11.9,8.1,5.5,34.8,74.3,70.5,16.8,13.7,203376,51.3,48.7,589206,48.2,51.8,195059,50,50,285870,48.7,51.3,108277,43.5,56.5,40,109
139,0500000US26125,"Oakland County, Michigan",1259201,49,51,5.5,15.5,8.1,13.3,12.5,14,14.3,9.9,6.9,40.8,79,75.7,20.9,16.8,264031,51.1,48.9,995170,48.4,51.6,269677,51.5,48.5,513907,48.7,51.3,211586,43.8,56.2,26,125
140,0500000US26163,"Wayne County, Michigan",1753893,48.2,51.8,6.5,17.1,8.7,14.2,11.7,13,13.3,9,6.4,38.1,76.4,72.8,19.3,15.4,414230,51.1,48.9,1339663,47.3,52.7,401504,49.4,50.6,667898,48,52,270261,42.3,57.7,26,163
141,0500000US26099,"Macomb County, Michigan",874759,48.7,51.3,5.4,15.6,8.2,13.4,12,14,14.3,9.7,7.3,40.7,79,75.8,21,17,184009,51.1,48.9,690750,48,52,188704,50.8,49.2,353039,48.5,51.5,149007,43.4,56.6,26,099
